instance,label,m,DTP reference,DTP control runs,DTP k,DTP k (main phase),A4 k (no polish),DTP R̂,A4 R̂ (no polish),IG-only k (IG baseline),DTP time to best (s),DTP lazy gamma bytes (max),DTP IG steps (median),"DTP IG steps, main phase (median)",A1 k (random seed),A2 k (no clique stop),A2 time to best (s),A3 k (full gamma),A3 full gamma bytes (max),A3 TabuCol iterations (median),DTP TabuCol iterations (median),A5 k (fixed tenure 10),A6 k (TabuCol-only Phase 3)
H2_sto-3g_JW,H₂,14,same-phase control (C16),10,5.0,5.0,5.0,6.67278331577626,6.67278331577626,5.0,0.0,0,0.0,0.0,5.0,5.0,0.0,5.0,0,0.0,0.0,5.0,5.0
LiH_sto-3g_JW,LiH,630,same-phase control (C16),10,145.0,145.0,145.0,11.185984362428794,5.81277915601415,144.0,4.0989452130000075,37120,982.5,839.5,145.0,same as DTP (stop never fired),,145.0,730800,100000.0,100000.0,144.5,148.0
BeH2_sto-3g_JW,BeH₂,665,same-phase control (C16),10,203.0,203.0,203.0,9.300736087258128,4.9129511341550485,203.0,0.0,51712,900.0,710.5,203.0,same as DTP (stop never fired),,203.0,1074640,114155.0,105190.5,203.0,203.0
H2O_sto-3g_JW,H₂O,1085,same-phase control (C16),10,314.0,314.0,314.0,5.8534107996694615,3.679286485285729,314.0,0.0,80128,900.0,885.0,314.0,same as DTP (stop never fired),,314.0,2716840,133696.0,128459.5,314.0,314.0
NH3_sto-3g_JW,NH₃,3020,same-phase control (C16),10,838.0,838.5,838.5,6.334479950671888,3.8307163051491306,838.0,40.41139025799998,215296,842.5,751.0,839.0,same as DTP (stop never fired),,838.0,20318560,50000.0,50000.0,838.0,846.0
CH4_sto-3g_JW,CH₄,6891,same-phase control (C16),3,1961.0,1963.0,1963.0,6.6735042132923414,4.465144044573252,1963.0,128.29021029299997,0,462.0,420.0,1959.0,same as DTP (stop never fired),,1961.0,0,0.0,0.0,1961.0,1994.0
N2_sto-3g_JW,N₂,2950,same-phase control (C16),10,1171.0,1171.0,1171.0,6.036749408206003,5.08303641540334,1171.0,31.010320594999996,300032,869.0,904.0,1171.0,same as DTP (stop never fired),,1171.0,27659200,50000.0,50000.0,1171.0,1178.0
CO_sto-3g_JW,CO,5850,same-phase control (C16),3,1865.0,1865.0,1865.0,6.82495357689045,4.477819156792246,1865.0,66.10857553000005,0,553.0,603.0,1864.0,same as DTP (stop never fired),,1865.0,0,0.0,0.0,1865.0,1870.0
HCl_sto-3g_JW,HCl,5850,same-phase control (C16),3,1833.0,1833.0,1833.0,4.17921570448932,3.4329485436983855,1832.0,70.86668220599995,468992,533.0,575.0,1834.0,same as DTP (stop never fired),,1833.0,85737600,0.0,0.0,1833.0,1843.0
NaH_sto-3g_JW,NaH,5850,same-phase control (C16),3,1759.0,1759.0,1759.0,5.2415154730845925,3.3710504919456317,1759.0,93.69287648399995,0,563.0,633.0,1760.0,same as DTP (stop never fired),,1759.0,0,0.0,0.0,1759.0,1769.0
H2S_sto-3g_JW,H₂S,6245,same-phase control (C16),3,1742.0,1741.0,1741.0,6.342285468517952,3.067914944294794,1741.0,109.28095682200001,0,500.0,588.0,1744.0,same as DTP (stop never fired),,1742.0,0,0.0,0.0,1742.0,1771.0
