instance,m,phase01
BeH2_sto-3g_JW,665,0.022433405999890965
CH4_sto-3g_JW,6891,0.8319402259994604
CO_sto-3g_JW,5850,0.48244907800017245
H2O_6-31g_JW,12731,2.4482667920001404
H2O_sto-3g_JW,1085,0.0448361539997677
H2S_sto-3g_JW,6245,0.5429426519999652
HCl_sto-3g_JW,5850,0.5179439440000806
LiH_sto-3g_JW,630,0.02065393299972129
N2_6-31g_JW,34654,23.47285413300051
N2_sto-3g_JW,2950,0.17296076300001317
NH3_6-31g_JW,37829,28.30863139899975
NH3_sto-3g_JW,3020,0.1944820279995838
NaH_sto-3g_JW,5850,0.4685359509994669
