instance,label,relation,m,CP-SAT status,CP-SAT k,CP-SAT bound,CP-SAT seconds,LB,DTP median,DTP seeds at optimum,DTP seeds,Best deployed,Sorted Insertion
H2_6-31g_JW,H₂ (6-31G),FC,184,OPTIMAL,8,8.0,0.3380546239995965,8,8.0,10,10,8,9
H2_6-31g_JW,H₂ (6-31G),QWC,184,OPTIMAL,67,67.0,5.097119590999682,66,67.0,10,10,67,69
H2_sto-3g_JW,H₂,FC,14,OPTIMAL,2,2.0,0.00670164700022724,2,2.0,10,10,2,2
H2_sto-3g_JW,H₂,QWC,14,OPTIMAL,5,5.0,0.19984246799958783,5,5.0,10,10,5,5
H3+_sto-3g_JW,H₃⁺,FC,61,OPTIMAL,6,6.0,0.03407858800073882,5,6.0,10,10,6,7
H3+_sto-3g_JW,H₃⁺,QWC,61,OPTIMAL,16,16.0,0.08807645399974717,14,16.0,10,10,17,17
H4chain_sto-3g_JW,H₄ chain,FC,184,OPTIMAL,8,8.0,0.3336311240000214,8,8.0,10,10,8,9
H4chain_sto-3g_JW,H₄ chain,QWC,184,OPTIMAL,67,67.0,5.501684912999735,66,67.0,10,10,67,69
HeH+_sto-3g_JW,HeH⁺,FC,26,OPTIMAL,3,3.0,0.009344643000076758,3,3.0,10,10,3,3
HeH+_sto-3g_JW,HeH⁺,QWC,26,OPTIMAL,9,9.0,0.012286469000173383,9,9.0,10,10,9,9
