instance,label,relation,replays identical,G3 pass,tracemalloc peak (MiB),timed repeat identical (info),timed repeat k,seed-0 k
BeH2_sto-3g_JW,BeH₂,FC,3/3,True,4.489401817321777,False,19,19
BeH2_sto-3g_JW,BeH₂,QWC,3/3,True,4.650968551635742,False,203,203
CH4_sto-3g_JW,CH₄,FC,3/3,True,87.40174770355225,False,146,147
CH4_sto-3g_JW,CH₄,QWC,3/3,True,90.45343685150146,False,1960,1965
CO_sto-3g_JW,CO,FC,3/3,True,68.39109992980957,False,100,97
CO_sto-3g_JW,CO,QWC,3/3,True,69.81853580474854,False,1864,1864
H2O_sto-3g_JW,H₂O,FC,3/3,True,7.757063865661621,False,27,27
H2O_sto-3g_JW,H₂O,QWC,3/3,True,8.021169662475586,False,314,314
H2S_sto-3g_JW,H₂S,FC,3/3,True,75.36120510101318,False,98,95
H2S_sto-3g_JW,H₂S,QWC,3/3,True,76.88507652282715,False,1743,1741
H2_sto-3g_JW,H₂,FC,3/3,True,1.1407756805419922,True,2,2
H2_sto-3g_JW,H₂,QWC,3/3,True,1.1406135559082031,True,5,5
HCl_sto-3g_JW,HCl,FC,3/3,True,68.39109992980957,False,99,97
HCl_sto-3g_JW,HCl,QWC,3/3,True,69.81853580474854,False,1833,1833
LiH_sto-3g_JW,LiH,FC,3/3,True,4.23228645324707,True,23,23
LiH_sto-3g_JW,LiH,QWC,3/3,True,4.385308265686035,False,145,145
N2_sto-3g_JW,N₂,FC,3/3,True,26.331010818481445,False,47,45
N2_sto-3g_JW,N₂,QWC,3/3,True,27.05043888092041,False,1171,1171
NH3_sto-3g_JW,NH₃,FC,3/3,True,27.157331466674805,False,72,72
NH3_sto-3g_JW,NH₃,QWC,3/3,True,27.89384937286377,True,838,838
NaH_sto-3g_JW,NaH,FC,3/3,True,68.39109992980957,False,99,99
NaH_sto-3g_JW,NaH,QWC,3/3,True,69.81853580474854,False,1759,1759
