instance,label,relation,m,GCol TabuCol runs ok,GCol TabuCol median k,GCol TabuCol median s,GCol TabuCol failures,GCol TabuCol not started,GCol TabuCol peak MiB,GCol PartialCol runs ok,GCol PartialCol median k,GCol PartialCol median s,GCol PartialCol failures,GCol PartialCol not started,GCol PartialCol peak MiB,DSATUR seed k,DTP median k,Iterated Greedy median k
BeH2_sto-3g_JW,BeH₂,FC,665,3/3,24.0,1.831346599000426,,0,114.44921875,3/3,26.0,1.075475323000319,,0,106.72265625,30,18.0,18.0
BeH2_sto-3g_JW,BeH₂,QWC,665,3/3,203.0,26.151591322999593,,0,173.41015625,3/3,203.0,23.602014838000287,,0,148.2578125,203,203.0,203.0
CH4_sto-3g_JW,CH₄,FC,6891,3/3,176.0,365.06002650499977,,0,3436.76953125,3/3,179.0,241.07440621599994,,0,2907.53125,202,145.0,145.0
CH4_sto-3g_JW,CH₄,QWC,6891,0/3,,,memory_os,0,5916.7265625,0/3,,,memory_os,0,5917.5,1998,1963.0,1963.0
CO_sto-3g_JW,CO,FC,5850,3/3,131.0,208.16822065399992,,0,2330.41796875,3/3,135.0,132.07769151000002,,0,1999.50390625,149,97.0,97.0
CO_sto-3g_JW,CO,QWC,5850,0/3,,,memory_os,0,5927.18359375,0/3,,,memory_os,0,5926.9765625,1874,1865.0,1865.0
H2O_sto-3g_JW,H₂O,FC,1085,3/3,42.0,5.958646709000277,,0,187.828125,3/3,44.0,3.5183720289996927,,0,158.484375,47,29.0,30.0
H2O_sto-3g_JW,H₂O,QWC,1085,3/3,314.0,140.7076533520003,,0,349.01171875,3/3,314.0,141.79597726199972,,0,273.83203125,314,314.0,314.0
H2S_sto-3g_JW,H₂S,FC,6245,3/3,121.0,222.22757298600027,,0,2460.27734375,3/3,125.0,141.99540604600043,,0,2125.08203125,132,95.0,95.0
H2S_sto-3g_JW,H₂S,QWC,6245,0/3,,,memory_os,0,5927.07421875,0/3,,,memory_os,0,5926.8359375,1776,1741.0,1741.0
H2_sto-3g_JW,H₂,FC,14,3/3,2.0,0.0006379180003932561,,0,74.44921875,3/3,2.0,0.00051319100020919,,0,74.2421875,2,2.0,2.0
H2_sto-3g_JW,H₂,QWC,14,3/3,5.0,0.0007148949998736498,,0,76.296875,3/3,5.0,0.0006955019998713396,,0,73.95703125,5,5.0,5.0
HCl_sto-3g_JW,HCl,FC,5850,3/3,135.0,251.457103019,,0,2334.33984375,3/3,136.0,155.7257080499994,,0,1996.19921875,140,97.0,97.0
HCl_sto-3g_JW,HCl,QWC,5850,0/3,,,memory_os,0,5926.94921875,0/3,,,memory_os,0,5926.8828125,1844,1833.0,1832.0
LiH_sto-3g_JW,LiH,FC,630,3/3,27.0,2.0385174069997447,,0,112.69921875,3/3,29.0,1.1975866419998056,,0,105.7265625,26,21.5,22.0
LiH_sto-3g_JW,LiH,QWC,630,3/3,149.0,18.320772996000414,,0,166.69921875,3/3,149.0,17.209490456999447,,0,140.83984375,150,145.0,144.0
N2_sto-3g_JW,N₂,FC,2950,3/3,64.0,41.185002965999956,,0,657.078125,3/3,66.0,23.176892146,,0,561.39453125,69,43.0,45.0
N2_sto-3g_JW,N₂,QWC,2950,0/3,,,error_recursion,0,1920.7734375,0/3,,,error_recursion,0,1499.98046875,1180,1171.0,1171.0
NH3_sto-3g_JW,NH₃,FC,3020,3/3,84.0,50.9025083230008,,0,852.44140625,3/3,86.0,34.89406628100005,,0,649.36328125,91,72.0,72.5
NH3_sto-3g_JW,NH₃,QWC,3020,0/3,,,timeout,2,1956.1875,0/3,,,timeout,2,1607.82421875,847,838.5,838.0
NaH_sto-3g_JW,NaH,FC,5850,3/3,134.0,242.7870482469998,,0,2332.86328125,3/3,135.0,156.99087279200012,,0,1998.62890625,142,98.0,98.0
NaH_sto-3g_JW,NaH,QWC,5850,0/3,,,memory_os,0,5927.05859375,0/3,,,memory_os,0,5926.96875,1769,1759.0,1759.0
