instance,label,m,LB,DSATUR seed,DTP median,DTP min,DTP max,DTP IQR,DTP seeds,Qiskit LF,PennyLane lf,PennyLane dsatur,PennyLane rlf,PennyLane gis,Smallest-last,Sorted Insertion,Random greedy median,Iterated Greedy median,Iterated Greedy min,Iterated Greedy max,Best deployed,Deployed complete,DTP - best deployed,DTP vs best deployed (%),DTP - IG
H2_sto-3g_JW,H₂,14,2,2,2.0,2,2,0.0,10,2,2,2,2,2,2,2,2.0,2.0,2,2,2,True,0.0,0.0,0.0
LiH_sto-3g_JW,LiH,630,13,26,21.5,18,23,4.0,10,38,38,29,26,42,33,36,40.0,22.0,17,23,26,True,-4.5,-17.307692307692307,-0.5
BeH2_sto-3g_JW,BeH₂,665,11,30,18.0,18,19,0.0,10,40,40,29,29,45,28,40,40.5,18.0,18,19,29,True,-11.0,-37.93103448275862,0.0
H2O_sto-3g_JW,H₂O,1085,12,47,29.0,27,30,1.0,10,51,51,49,36,62,55,51,62.0,30.0,27,31,36,True,-7.0,-19.444444444444443,-1.0
NH3_sto-3g_JW,NH₃,3020,20,91,72.0,71,74,0.75,10,114,114,96,95,140,126,110,132.5,72.5,71,74,95,True,-23.0,-24.210526315789473,-0.5
CH4_sto-3g_JW,CH₄,6891,21,202,145.0,144,147,1.5,3,266,266,199,224,255,270,173,253.0,145.0,144,147,199,True,-54.0,-27.1356783919598,0.0
N2_sto-3g_JW,N₂,2950,18,69,43.0,36,46,5.25,10,95,95,86,69,127,84,78,127.0,45.0,36,46,69,True,-26.0,-37.68115942028985,-2.0
CO_sto-3g_JW,CO,5850,27,149,97.0,97,98,0.5,3,172,172,149,140,209,170,156,206.0,97.0,97,98,140,True,-43.0,-30.714285714285715,0.0
HCl_sto-3g_JW,HCl,5850,27,140,97.0,97,98,0.5,3,178,178,152,142,217,173,147,207.0,97.0,97,98,142,True,-45.0,-31.690140845070424,0.0
NaH_sto-3g_JW,NaH,5850,27,142,98.0,96,99,1.5,3,175,175,154,136,212,169,151,208.0,98.0,96,99,136,True,-38.0,-27.941176470588236,0.0
H2S_sto-3g_JW,H₂S,6245,25,132,95.0,94,95,0.5,3,178,178,137,139,216,163,159,208.0,95.0,94,95,137,True,-42.0,-30.656934306569344,0.0
