instance,label,m,R̂ DSATUR seed,R̂ DTP before polish (A4),R̂ DTP,polish ratio (median),polish ratio (min),k never increased by polishing,R̂ Sorted Insertion,R̂ PennyLane dsatur,R̂ Qiskit LF,R̂ Iterated Greedy (median),k Sorted Insertion,k DTP (median),R̂ DTP / R̂ SI
H2_sto-3g_JW,H₂,14,8.699840727257458,8.699840727257458,8.699840727257458,1.0,1.0,True,8.699840727257458,8.699840727257458,8.699840727257458,8.699840727257458,2,2.0,1.0
LiH_sto-3g_JW,LiH,630,7.663774275961411,7.593349292056943,9.571477275646888,1.2418405401934094,1.0116402799389372,True,24.534501562310655,4.869307896655748,5.177942558224471,6.808698339953019,36,21.5,0.39012315988315716
BeH2_sto-3g_JW,BeH₂,665,5.676859726339509,9.74293757214894,12.984715526971856,1.1777761881275812,1.0007638519167372,True,20.667752167389416,4.521127286428644,6.53599009436227,7.443962288116567,40,18.0,0.6282596879335418
H2O_sto-3g_JW,H₂O,1085,3.6297037951669338,4.010264365846225,6.806541626656832,1.1462503514131412,1.0062330658536978,True,10.66328940058348,2.6714426940530056,3.7859892116511147,3.97774565202862,51,29.0,0.6383153800819087
NH3_sto-3g_JW,NH₃,3020,3.8616694544543972,4.166141954928941,6.659288645447046,1.5844612826532896,1.1631572709046583,True,14.56322444121535,3.582147249973977,6.117669127075646,3.863026560962463,110,72.0,0.45726745971177973
CH4_sto-3g_JW,CH₄,6891,4.312513961762929,4.828571620394091,8.154809317130718,1.7608067311024895,1.3331471201772809,True,22.781079644449456,4.508743212138573,9.030921171625264,4.740404743392038,173,145.0,0.35796412832074065
N2_sto-3g_JW,N₂,2950,9.153612169294915,5.585957300184843,10.92972227792232,1.911193563005436,1.0278313973946103,True,22.251084222003023,4.397196879991321,17.710393903643833,8.941334875250348,78,43.0,0.49119953746408657
CO_sto-3g_JW,CO,5850,3.9599977982720347,4.155894051433398,7.669747507740332,1.6773299490683184,1.4606912791236053,True,21.340169363283888,3.387276449224826,7.261119698729103,4.537884111492346,156,97.0,0.3594042473222475
HCl_sto-3g_JW,HCl,5850,2.4233565451330854,2.2725928317412007,4.273575460103565,1.7377973860281644,1.3426867904334445,True,10.56758965307296,1.8197969507991258,5.004397046272071,2.331210147271305,147,97.0,0.4044039937584867
NaH_sto-3g_JW,NaH,5850,2.976511673071714,4.319447490765911,7.579669291109325,1.8332907799640077,1.2496653486836802,True,12.898233788111721,3.032686797914552,6.27990284308863,4.381909573064138,151,98.0,0.5876517215942769
H2S_sto-3g_JW,H₂S,6245,2.6579903986606634,3.5011409849610433,5.197585852143029,1.335769375214454,1.3333530443400714,True,11.584732236446708,3.1287169569355213,3.768448367532781,2.432544991788772,159,95.0,0.4486582638302949
