id,requirement,met,evidence
R1,Reject malformed input,True,"7/7 tests passed (test_reject_non_finite_or_complex[(0.5+0.1j)], test_reject_non_finite_or_complex[1j], test_reject_non_finite_or_complex[inf], test_reject_non_finite_or_complex[nan], test_reject_non_string_and_empty_and_count_mismatch, test_reject_unequal_lengths, test_reject_wrong_alphabet)"
R2,Edge cases handled,True,"6/6 tests passed (test_all_compatible_gives_one_group, test_all_conflicting_gives_m_groups_and_tight_bound, test_duplicates_merged_and_small_dropped, test_empty_input, test_identity_only_removed, test_reject_unequal_lengths)"
R3,Supports QWC,True,75/75 DTP runs valid on 11 QWC instances
R4,Supports FC,True,75/75 DTP runs valid on 11 FC instances
R5,Never worse than its seed,True,150/150 runs
R6,Never worse than the deployed default (Qiskit LF),True,22/22 instance-relation pairs
R7,Strictly fewer groups than the best deployed option on >= 50% of pairs with m >= 100,True,18/20 pairs
R8,Optimal where provable,True,median DTP k equals the CP-SAT optimum on 10/10 solved instance-relation pairs (0 not solved to optimality)
R9,Certificate reported (LB and gap),True,LB recorded for 299/299 runs
R10,Shot-cost awareness,True,R̂ never decreased by polishing: True; median QWC ratio 1.570
R11,Fewer groups than Sorted Insertion on >= 90% of pairs,True,20/22 pairs
R12,"Runtime within T(m) + 10% (m <= 5,000)",True,260/260 runs; worst total/T(m) = 1.048
R13,"Peak resident memory <= 2 GB (m <= 15,000)",True,worst peak RSS 351 MiB over 293 runs
R14,Valid grouping for the largest real instance within 30 minutes,True,"NH₃ (6-31G) (m = 37,829): 3 runs, longest 387 s, all valid"
R15,One command regenerates every table and figure from raw files,True,11/11 tables and 5 figures written by experiments/analyse.py
R16,Provenance stored with every result row,True,"1,453 result rows checked for seed, versions, hardware, instance_sha256"
R17,Line coverage of the core package >= 80%,True,total 95.1% (core modules 92-100%)
R18,Documentation (README sections; docstrings),True,README sections present: True; public objects without docstring: 0/82
R19,"Phase 0+1 log-log slope in [1.5, 2.5] (m >= 500)",True,slope 1.730 over 13 QWC instances
R20,"Encoding robustness (R5, R6, validity on BK)",True,4 BK instances
