instance,label,relation,dtp,iterated_greedy,pennylane_dsatur,pennylane_gis,pennylane_lf,pennylane_rlf,qiskit_lf,random_greedy,smallest_last,sorted_insertion
BeH2_sto-3g_JW,BeH₂,FC,13.407804424999995,13.346315238500665,2.6448009369996726,2.6330199660005746,2.672860443999525,3.9819330890004494,0.32739574700008234,0.021547152499806543,0.023371556999336462,0.014488664999589673
BeH2_sto-3g_JW,BeH₂,QWC,13.523278283500076,13.465778056499403,3.137308712999584,3.695527367000068,3.20149124100044,4.7793133069999385,0.4042365969999082,0.021647950999522436,0.02235781500075973,0.015238956999382935
CH4_sto-3g_JW,CH₄,FC,141.6700971829996,139.7539981480004,13.671563403000619,10.85359358400001,10.963904891999846,226.5507552050003,8.134812301999773,0.6519885220004653,0.8904562389998318,0.5914263430004212
CH4_sto-3g_JW,CH₄,QWC,143.31431640699975,142.0003664270007,25.213240563,15.063156922999951,17.24082868200003,339.94300439500057,14.483219353000095,0.5995870079996166,1.3437693870000658,0.9029979090000779
CO_sto-3g_JW,CO,FC,119.3612352959999,118.02205899,9.896504876999643,8.534693696999966,8.21505946400066,171.90914632599925,5.561040819000482,0.4539632979999624,0.5736813639998672,0.39524405699989984
CO_sto-3g_JW,CO,QWC,121.39489964699987,120.76592097899993,17.946050529000786,11.72044771399942,12.786527899000248,204.93129635100013,9.875952371000494,0.38087221199998567,0.4811056980001922,0.31784941800015076
H2O_sto-3g_JW,H₂O,FC,21.884166690500024,21.7967790875,2.758950533000643,4.216945779000525,2.7288083439998445,8.021579216999271,0.43182768499991653,0.041421641999932035,0.05145616800018615,0.030432922000727558
H2O_sto-3g_JW,H₂O,QWC,22.154281336499935,22.062035513999945,2.796760507999352,3.0993984619999537,2.8371978589993887,6.102399772999888,0.5488573299999189,0.036480249999385705,0.04418902499946853,0.032620853000480565
H2S_sto-3g_JW,H₂S,FC,127.3246875750001,125.99604213699968,11.149101582000185,9.408201029999873,9.444253519000085,183.95766423199984,6.41188178900029,0.5099023230000057,0.6760312139999769,0.43730887299989263
H2S_sto-3g_JW,H₂S,QWC,129.6406894400002,128.62146058500002,19.800150333999227,12.737127450000116,14.579028032000679,269.10739936900063,11.620948179000152,0.44296711500010133,0.6182540250001693,0.3923834679999345
H2_sto-3g_JW,H₂,FC,0.01744397799984654,0.016295084999910614,2.3092230900001596,2.2857711579999886,2.247612154000308,2.166731436000191,0.2716630750001059,0.006895826000345551,0.0004143589994782815,0.000259502999142569
H2_sto-3g_JW,H₂,QWC,0.01766050800006269,0.016733329499857064,2.367514489000314,2.4530638460000773,2.3924360579994755,2.2352775549998114,0.2719671909999306,0.006977904000450508,0.0003985290004493436,0.00021935999939159956
HCl_sto-3g_JW,HCl,FC,119.1523801039998,117.95832726500021,9.963906253999994,8.663144765000652,8.445724107999922,171.73758148700017,5.439706372000728,0.40435505100003866,0.661525384000015,0.37533040400012396
HCl_sto-3g_JW,HCl,QWC,121.95075219799992,120.87325190899992,17.841868464000072,11.544627779999246,12.819588160000421,224.50678582900036,10.513527045000046,0.3863449179998497,0.4731844710001951,0.31350448700004563
LiH_sto-3g_JW,LiH,FC,12.689031144000182,12.644709550000243,2.3831631089997245,2.4213802499998565,2.439337865000198,3.199725478999426,0.34313280199967267,0.020215628500409366,0.019863839000208827,0.012460167000426736
LiH_sto-3g_JW,LiH,QWC,12.781058980499438,12.733458838500155,2.385109883000041,2.579381282999748,2.4844024009998975,3.416430218999267,0.34450679600013245,0.01907198100025198,0.01918900799955736,0.012783272999513429
N2_sto-3g_JW,N₂,FC,59.69895813350007,59.28733313449999,4.113070414000504,4.056061675000819,3.855291161000423,28.934059229999548,1.5804543509993891,0.14637084750000895,0.19180300700003272,0.12725462200000948
N2_sto-3g_JW,N₂,QWC,61.32976902649999,61.07480543349999,5.5779879179999625,4.538322544000039,4.679774723999799,33.871994388999155,2.530355411000528,0.12375866400026325,0.16682117000163998,0.10981398100011575
NH3_sto-3g_JW,NH₃,FC,61.307326841000304,60.814749131499866,3.9800533839998025,4.15909626299981,3.8179610799998045,27.895876929000224,1.5933827530002418,0.16391063300034148,0.22936351699991064,0.15074707500025397
NH3_sto-3g_JW,NH₃,QWC,63.12838128349995,62.7201720905,5.3374637960000655,4.5041678769998725,5.139753036000002,31.686242828000104,2.706073044999812,0.13879805499982467,0.18474995299948205,0.12032435400033137
NaH_sto-3g_JW,NaH,FC,119.19113993100018,118.08257099899993,9.60474413600059,8.427751452999473,8.436969755000064,174.74247023399948,5.717492125000717,0.4363450499999999,0.599848886000018,0.394145292000303
NaH_sto-3g_JW,NaH,QWC,121.62170209199985,120.84268012700022,17.736408607000158,11.243694918000074,13.208679387000302,194.75316814899998,10.173739267000201,0.3901821210001799,0.4767079860002923,0.3103916670002036
