instance,relation,method,k,R_hat,R_psi
H2_sto-3g_JW,QWC,dtp,5,6.67278331577626,1.0000000000000007
H2_sto-3g_JW,QWC,dtp_before_polish,5,6.67278331577626,1.0000000000000007
H2_sto-3g_JW,QWC,sorted_insertion,5,6.672783315776262,1.0000000000000004
H2_sto-3g_JW,QWC,qiskit_lf,5,6.67278331577626,1.0000000000000007
H2_sto-3g_JW,QWC,pennylane_dsatur,5,6.672783315776262,1.0000000000000004
H2_sto-3g_JW,FC,dtp,2,8.699840727257458,1.0000000000000007
H2_sto-3g_JW,FC,dtp_before_polish,2,8.699840727257458,1.0000000000000007
H2_sto-3g_JW,FC,sorted_insertion,2,8.699840727257458,1.0000000000000007
H2_sto-3g_JW,FC,qiskit_lf,2,8.699840727257458,1.0000000000000007
H2_sto-3g_JW,FC,pennylane_dsatur,2,8.699840727257458,1.0000000000000007
LiH_sto-3g_JW,QWC,dtp,145,11.549989599859341,17.165642484315025
LiH_sto-3g_JW,QWC,dtp_before_polish,145,4.881480351756284,8.440145050796046
LiH_sto-3g_JW,QWC,sorted_insertion,179,16.282529017076357,12.90737154235182
LiH_sto-3g_JW,QWC,qiskit_lf,154,4.409521816497136,6.654128952800891
LiH_sto-3g_JW,QWC,pennylane_dsatur,150,4.470776520195936,7.040210854497903
LiH_sto-3g_JW,FC,dtp,23,11.276988613831275,16.474794541794903
LiH_sto-3g_JW,FC,dtp_before_polish,23,6.4379955272495035,18.35311054506576
LiH_sto-3g_JW,FC,sorted_insertion,36,24.534501562310655,23.366178230998518
LiH_sto-3g_JW,FC,qiskit_lf,38,5.177942558224471,6.433565019242913
LiH_sto-3g_JW,FC,pennylane_dsatur,29,4.869307896655748,13.019512461555498
BeH2_sto-3g_JW,QWC,dtp,203,8.110804602830369,8.106880630398972
BeH2_sto-3g_JW,QWC,dtp_before_polish,203,4.25951046150435,4.507057307597675
BeH2_sto-3g_JW,QWC,sorted_insertion,214,11.751249014230025,9.595874705357573
BeH2_sto-3g_JW,QWC,qiskit_lf,208,4.241168176757046,4.383170042478929
BeH2_sto-3g_JW,QWC,pennylane_dsatur,203,4.155160289530336,4.332064873028081
BeH2_sto-3g_JW,FC,dtp,19,8.067198338658729,25.24431159899207
BeH2_sto-3g_JW,FC,dtp_before_polish,19,6.766720891479003,18.619245557001953
BeH2_sto-3g_JW,FC,sorted_insertion,40,20.667752167389416,39.129284398455816
BeH2_sto-3g_JW,FC,qiskit_lf,40,6.53599009436227,11.418043735209825
BeH2_sto-3g_JW,FC,pennylane_dsatur,29,4.521127286428644,12.259774964277286
H2O_sto-3g_JW,QWC,dtp,314,5.474450399791539,13.43720030685896
H2O_sto-3g_JW,QWC,dtp_before_polish,314,2.72437144749072,7.819764401782788
H2O_sto-3g_JW,QWC,sorted_insertion,344,7.470573927983356,22.296370954419498
H2O_sto-3g_JW,QWC,qiskit_lf,323,3.0392850204071036,7.903496716692956
H2O_sto-3g_JW,QWC,pennylane_dsatur,314,3.0641123983649496,8.611353436269347
H2O_sto-3g_JW,FC,dtp,27,4.389580084821007,34.13379016367214
H2O_sto-3g_JW,FC,dtp_before_polish,27,3.7658737673185905,19.85023437621066
H2O_sto-3g_JW,FC,sorted_insertion,51,10.66328940058348,62.035412230291605
H2O_sto-3g_JW,FC,qiskit_lf,51,3.7859892116511147,8.261941087446868
H2O_sto-3g_JW,FC,pennylane_dsatur,49,2.6714426940530056,11.30822626137608
