utc,name,status,n_qubits,m,wall_seconds,peak_rss_mb,sha256,note
2026-10-01T13:23:43+00:00,HF_sto-3g_JW,ok,12,630,2.23,217.9,ca4ef95aad0e7aa07a4c8e2c17a5f90de24b507189da7d17015a2de2f8abbaf6,
2026-10-01T13:23:45+00:00,BH3_sto-3g_JW,ok,16,1964,2.22,219.2,f063d6112f2a99f383bfa7eb1a8665b7baa31f7753e304e50622e74b36dafee8,
2026-10-01T13:23:47+00:00,H2_sto-3g_JW,ok,4,14,1.81,217.6,a11dcf8e3bd5d44890f304a913949a0d0e5b77b5e94a4d7c61a051c752213392,
2026-10-01T13:23:49+00:00,LiH_sto-3g_JW,ok,12,630,2.02,218.0,c368a49e3791486d500a7e4a111935f0d32c1bea9e7ce8e881269723a415c2a5,
2026-10-01T13:23:51+00:00,BeH2_sto-3g_JW,ok,14,665,2.01,217.9,fe4c1f57579d9713a3e204165e7f7199ddab963f397463c9a639248b4cb19fdb,
2026-10-01T13:23:53+00:00,H2O_sto-3g_JW,ok,14,1085,2.22,218.3,65a05c39f67b627dfff6983b52c2ca07345cb408549160917677661d55b87203,
2026-10-01T13:23:55+00:00,NH3_sto-3g_JW,ok,16,3020,2.22,220.3,5daa76a85a006028669f4c5cf64c321024530d9ddef40f4addf2cd85b08155c2,
2026-10-01T13:23:58+00:00,CH4_sto-3g_JW,ok,18,6891,2.42,224.1,821d4bd4889824fa66a087fed6c81d9a0cf3fadad88a9d6b7af7900a82235483,
2026-10-01T13:24:00+00:00,N2_sto-3g_JW,ok,20,2950,2.42,222.2,fce5fa187616372a779b3aab6b1a4a468d3d89350d760403639b28ff7461a110,
2026-10-01T13:24:03+00:00,CO_sto-3g_JW,ok,20,5850,2.62,225.0,88a0c414dbb1fafa9dd79a11426355013916c88a2b741281dd4291ab519e0a39,
2026-10-01T13:24:05+00:00,HCl_sto-3g_JW,ok,20,5850,2.62,225.1,4b6548b019bed5510815e1067bb5a6528b50458afc7d1a62eb28d91190fa260e,
2026-10-01T13:24:08+00:00,NaH_sto-3g_JW,ok,20,5850,2.62,225.4,54864b9db2be8910003a8089210533704c972f92ea1ce7b705c771fd1480c5d6,
2026-10-01T13:24:11+00:00,H2S_sto-3g_JW,ok,22,6245,2.82,226.0,5dee39844209f3ce909a496a372e6996c5439e2c769b815b8ee22aa4e707546d,
2026-10-01T13:24:13+00:00,LiH_sto-3g_BK,ok,12,630,2.22,218.8,84d034bad151617af4c3fa083bb587e5a4a12cb16ec3e8931a6a32382dba32a3,
2026-10-01T13:24:16+00:00,H2O_sto-3g_BK,ok,14,1085,2.42,219.5,57bc64215be6294db76c754f53d8f7aba7b33948e5aea35cc7f2c37f7ed3b8a9,
2026-10-01T13:24:19+00:00,NH3_sto-3g_BK,error,,,3.43,223.3,,ValueError: imaginary coefficient part 1.477e-08 exceeds 1e-10
2026-10-01T13:24:22+00:00,N2_sto-3g_BK,ok,20,2950,3.43,225.0,46effb1989c5c2bdbb789b37562a446416b054b4f39a50481a18b9328e18b2dc,
2026-10-01T13:24:25+00:00,HeH+_sto-3g_JW,ok,4,26,2.22,217.8,ed0ca08ef22008bd489959b24e55124da24dab95451286bbaaaf2671dbed4527,
2026-10-01T13:24:27+00:00,H3+_sto-3g_JW,ok,6,61,2.02,217.6,13973e514d6793116486f687064f7f0f9d663b2d8b2699efad69e2c609b4007d,
2026-10-01T13:24:29+00:00,H2_6-31g_JW,ok,8,184,2.02,217.7,f9597cab6598f84ae10903ecda830d6ac4effe6f8ccd770579f3c31924beba32,
2026-10-01T13:24:31+00:00,H4chain_sto-3g_JW,ok,8,184,2.01,217.7,7bb0559d42fb30dbb77044b6ebb1c60563c3e66cabf476d77e6a0b791414668e,
2026-10-01T13:24:34+00:00,H2O_6-31g_JW,ok,26,12731,3.63,237.9,5406fc24443dd8fd3390175e095314426d877723436075f2fe9198a671481b3c,
2026-10-01T13:24:40+00:00,NH3_6-31g_JW,ok,30,37829,5.84,280.0,cce0086137dbe45d5d0f35eb4a4895aab979cd6b2e6383cac75929ad80dfa675,
2026-10-01T13:24:48+00:00,N2_6-31g_JW,ok,36,34654,7.66,292.8,d8df2d03d0a5f79d3904dac1388d4dfbc06fb4fc90ff1002719d295516b3b56b,
2026-10-01T14:38:29+00:00,LiH_sto-3g_BK,ok,12,630,0.22,7.4,84d034bad151617af4c3fa083bb587e5a4a12cb16ec3e8931a6a32382dba32a3,loaded from cache (SHA-256 verified)
2026-10-01T14:38:29+00:00,H2O_sto-3g_BK,ok,14,1085,0.22,7.9,57bc64215be6294db76c754f53d8f7aba7b33948e5aea35cc7f2c37f7ed3b8a9,loaded from cache (SHA-256 verified)
2026-10-01T14:38:33+00:00,NH3_sto-3g_BK,ok,16,2936,3.67,223.6,c450ecb93f6a44144152d554fc748528892506fc97e930be12b767f7f41d7447,
2026-10-01T14:38:33+00:00,N2_sto-3g_BK,ok,20,2950,0.21,0.2,46effb1989c5c2bdbb789b37562a446416b054b4f39a50481a18b9328e18b2dc,loaded from cache (SHA-256 verified)
