instance,relation,rule,seed,k_after_phase3,rounds_or_ig_iterations
HF_sto-3g_JW,QWC,smallest,0,147,4
HF_sto-3g_JW,QWC,smallest,1,148,3
HF_sto-3g_JW,QWC,smallest,2,148,3
HF_sto-3g_JW,QWC,random,0,147,4
HF_sto-3g_JW,QWC,random,1,148,3
HF_sto-3g_JW,QWC,random,2,147,4
HF_sto-3g_JW,QWC,mincost,0,148,3
HF_sto-3g_JW,QWC,mincost,1,148,3
HF_sto-3g_JW,QWC,mincost,2,148,3
HF_sto-3g_JW,QWC,IG,0,145,1987
HF_sto-3g_JW,QWC,IG,1,144,1957
HF_sto-3g_JW,QWC,IG,2,144,1919
HF_sto-3g_JW,FC,smallest,0,23,4
HF_sto-3g_JW,FC,smallest,1,23,4
HF_sto-3g_JW,FC,smallest,2,23,4
HF_sto-3g_JW,FC,random,0,23,4
HF_sto-3g_JW,FC,random,1,24,3
HF_sto-3g_JW,FC,random,2,24,3
HF_sto-3g_JW,FC,mincost,0,24,3
HF_sto-3g_JW,FC,mincost,1,23,4
HF_sto-3g_JW,FC,mincost,2,24,3
HF_sto-3g_JW,FC,IG,0,23,1871
HF_sto-3g_JW,FC,IG,1,22,1878
HF_sto-3g_JW,FC,IG,2,19,1922
BH3_sto-3g_JW,QWC,smallest,0,539,1
BH3_sto-3g_JW,QWC,smallest,1,539,1
BH3_sto-3g_JW,QWC,smallest,2,539,1
BH3_sto-3g_JW,QWC,random,0,539,1
BH3_sto-3g_JW,QWC,random,1,539,1
BH3_sto-3g_JW,QWC,random,2,539,1
BH3_sto-3g_JW,QWC,mincost,0,539,1
BH3_sto-3g_JW,QWC,mincost,1,539,1
BH3_sto-3g_JW,QWC,mincost,2,539,1
BH3_sto-3g_JW,QWC,IG,0,537,1134
BH3_sto-3g_JW,QWC,IG,1,536,1126
BH3_sto-3g_JW,QWC,IG,2,538,1135
BH3_sto-3g_JW,FC,smallest,0,50,16
BH3_sto-3g_JW,FC,smallest,1,49,17
BH3_sto-3g_JW,FC,smallest,2,50,16
BH3_sto-3g_JW,FC,random,0,49,17
BH3_sto-3g_JW,FC,random,1,49,17
BH3_sto-3g_JW,FC,random,2,51,15
BH3_sto-3g_JW,FC,mincost,0,49,17
BH3_sto-3g_JW,FC,mincost,1,49,17
BH3_sto-3g_JW,FC,mincost,2,48,18
BH3_sto-3g_JW,FC,IG,0,48,1065
BH3_sto-3g_JW,FC,IG,1,47,1046
BH3_sto-3g_JW,FC,IG,2,47,1029
