instance,relation,seed,ig_stall,tabu_cap,backoff,k_after_phase3,ig_steps,tabu_rounds,tabu_successes
HF_sto-3g_JW,QWC,0,100,20000,0,145,636,6,0
HF_sto-3g_JW,QWC,1,100,20000,0,145,653,5,0
HF_sto-3g_JW,QWC,2,100,20000,0,144,775,5,0
HF_sto-3g_JW,QWC,0,300,50000,0,145,730,2,0
HF_sto-3g_JW,QWC,1,300,50000,0,145,1028,2,0
HF_sto-3g_JW,QWC,2,300,50000,0,144,1036,2,0
HF_sto-3g_JW,FC,0,100,20000,0,22,670,5,0
HF_sto-3g_JW,FC,1,100,20000,0,23,674,6,1
HF_sto-3g_JW,FC,2,100,20000,0,21,877,7,2
HF_sto-3g_JW,FC,0,300,50000,0,23,890,2,0
HF_sto-3g_JW,FC,1,300,50000,0,21,910,2,1
HF_sto-3g_JW,FC,2,300,50000,0,18,1392,1,1
BH3_sto-3g_JW,QWC,1,100,20000,0,537,804,7,0
BH3_sto-3g_JW,QWC,0,100,20000,0,536,819,6,0
BH3_sto-3g_JW,QWC,2,100,20000,0,537,704,6,0
BH3_sto-3g_JW,QWC,0,300,50000,0,538,756,2,0
BH3_sto-3g_JW,QWC,1,300,50000,0,536,922,1,0
BH3_sto-3g_JW,QWC,2,300,50000,0,536,916,1,0
BH3_sto-3g_JW,FC,0,100,20000,0,46,754,4,3
BH3_sto-3g_JW,FC,1,100,20000,0,47,707,5,3
BH3_sto-3g_JW,FC,2,100,20000,0,45,820,6,5
BH3_sto-3g_JW,FC,0,300,50000,0,48,823,1,0
BH3_sto-3g_JW,FC,1,300,50000,0,47,879,1,0
BH3_sto-3g_JW,FC,2,300,50000,0,47,987,1,1
HF_sto-3g_JW,QWC,4,100,20000,0,146,612,6,0
HF_sto-3g_JW,QWC,3,100,20000,0,145,689,6,0
HF_sto-3g_JW,QWC,5,100,20000,0,145,592,4,0
HF_sto-3g_JW,QWC,3,300,50000,0,144,931,1,0
HF_sto-3g_JW,QWC,4,300,50000,0,144,777,2,0
HF_sto-3g_JW,QWC,5,300,50000,0,145,792,2,0
HF_sto-3g_JW,FC,3,100,20000,0,22,689,6,1
HF_sto-3g_JW,FC,4,100,20000,0,22,575,5,0
HF_sto-3g_JW,FC,5,100,20000,0,22,794,6,1
HF_sto-3g_JW,FC,3,300,50000,0,18,1095,2,1
HF_sto-3g_JW,FC,4,300,50000,0,22,653,2,0
HF_sto-3g_JW,FC,5,300,50000,0,22,985,2,1
BH3_sto-3g_JW,QWC,3,100,20000,0,537,740,6,0
BH3_sto-3g_JW,QWC,4,100,20000,0,537,742,6,0
BH3_sto-3g_JW,QWC,5,100,20000,0,537,673,6,0
BH3_sto-3g_JW,QWC,3,300,50000,0,536,839,1,0
BH3_sto-3g_JW,QWC,4,300,50000,0,536,888,1,0
BH3_sto-3g_JW,QWC,5,300,50000,0,537,771,2,0
BH3_sto-3g_JW,FC,3,100,20000,0,46,775,6,3
BH3_sto-3g_JW,FC,4,100,20000,0,45,862,5,3
BH3_sto-3g_JW,FC,5,100,20000,0,46,882,6,4
BH3_sto-3g_JW,FC,3,300,50000,0,47,938,1,1
BH3_sto-3g_JW,FC,4,300,50000,0,48,852,2,1
BH3_sto-3g_JW,FC,5,300,50000,0,48,992,1,1
HF_sto-3g_JW,QWC,0,100,20000,1,145,1132,3,0
HF_sto-3g_JW,QWC,1,100,20000,1,144,1103,3,0
HF_sto-3g_JW,QWC,2,100,20000,1,145,1151,3,0
HF_sto-3g_JW,QWC,3,100,20000,1,144,1168,3,0
HF_sto-3g_JW,QWC,4,100,20000,1,144,1106,3,0
HF_sto-3g_JW,QWC,5,100,20000,1,145,1042,3,0
HF_sto-3g_JW,FC,0,100,20000,1,22,1098,3,0
HF_sto-3g_JW,FC,1,100,20000,1,21,1131,5,2
HF_sto-3g_JW,FC,2,100,20000,1,22,1081,3,0
HF_sto-3g_JW,FC,3,100,20000,1,21,1130,4,1
HF_sto-3g_JW,FC,4,100,20000,1,22,1091,3,0
HF_sto-3g_JW,FC,5,100,20000,1,22,1169,4,1
BH3_sto-3g_JW,QWC,1,100,20000,1,537,965,2,0
BH3_sto-3g_JW,QWC,0,100,20000,1,537,930,2,0
BH3_sto-3g_JW,QWC,2,100,20000,1,538,797,3,0
BH3_sto-3g_JW,QWC,3,100,20000,1,537,816,3,0
BH3_sto-3g_JW,QWC,4,100,20000,1,537,733,2,0
BH3_sto-3g_JW,QWC,5,100,20000,1,536,742,2,0
BH3_sto-3g_JW,FC,0,100,20000,1,47,779,3,2
BH3_sto-3g_JW,FC,1,100,20000,1,47,765,5,3
BH3_sto-3g_JW,FC,2,100,20000,1,47,775,4,3
BH3_sto-3g_JW,FC,3,100,20000,1,46,749,5,3
BH3_sto-3g_JW,FC,4,100,20000,1,47,618,2,1
BH3_sto-3g_JW,FC,5,100,20000,1,48,627,3,2
